pbindaff,6.6,7.6,8.6,9.6,15.6,16.6,17.6,35.6,53.6,6.7,7.7,8.7,9.7,15.7,16.7,17.7,35.7,53.7,6.8,7.8,8.8,9.8,15.8,16.8,17.8,35.8,53.8,6.9,7.9,8.9,9.9,15.9,16.9,17.9,35.9,53.9,6.15,7.15,8.15,9.15,15.15,16.15,17.15,35.15,53.15,6.16,7.16,8.16,9.16,15.16,16.16,17.16,35.16,53.16,6.17,7.17,8.17,9.17,15.17,16.17,17.17,35.17,53.17,6.35,7.35,8.35,9.35,15.35,16.35,17.35,35.35,53.35,6.53,7.53,8.53,9.53,15.53,16.53,17.53,35.53,53.53,PDB
 2.150,1305,355,318,0,0,7,0,0,0,223,62,52,0,0,1,0,0,0,0,0,0,0,0,0,0,0,0,0,0,0,0,0,0,0,0,0,0,0,0,0,0,0,0,0,0,247,67,61,0,0,1,0,0,0,0,0,0,0,0,0,0,0,0,0,0,0,0,0,0,0,0,0,0,0,0,0,0,0,0,0,0,4q90
 2.300,576,192,117,0,0,0,0,0,0,135,40,30,0,0,0,0,0,0,248,77,55,0,0,0,0,0,0,0,0,0,0,0,0,0,0,0,0,0,0,0,0,0,0,0,0,128,38,27,0,0,0,0,0,0,0,0,0,0,0,0,0,0,0,0,0,0,0,0,0,0,0,0,0,0,0,0,0,0,0,0,0,4jsz
 2.640,1334,373,336,0,0,6,0,0,0,231,63,56,0,0,1,0,0,0,222,63,53,0,0,1,0,0,0,0,0,0,0,0,0,0,0,0,0,0,0,0,0,0,0,0,0,242,66,60,0,0,1,0,0,0,0,0,0,0,0,0,0,0,0,0,0,0,0,0,0,0,0,0,0,0,0,0,0,0,0,0,0,4q7w
 2.640,1966,540,489,0,0,10,0,0,0,229,65,54,0,0,2,0,0,0,239,61,56,0,0,1,0,0,0,0,0,0,0,0,0,0,0,0,0,0,0,0,0,0,0,0,0,247,68,61,0,0,1,0,0,0,0,0,0,0,0,0,0,0,0,0,0,0,0,0,0,0,0,0,0,0,0,0,0,0,0,0,0,4q8y
 3.020,1536,407,362,0,0,8,0,0,0,226,63,54,0,0,1,0,0,0,234,61,57,0,0,2,0,0,0,0,0,0,0,0,0,0,0,0,0,0,0,0,0,0,0,0,0,249,68,60,0,0,1,0,0,0,0,0,0,0,0,0,0,0,0,0,0,0,0,0,0,0,0,0,0,0,0,0,0,0,0,0,0,4q81
 3.300,1103,275,259,0,0,6,0,0,0,236,59,52,0,0,2,0,0,0,246,58,59,0,0,2,0,0,0,0,0,0,0,0,0,0,0,0,0,0,0,0,0,0,0,0,0,255,63,59,0,0,1,0,0,0,0,0,0,0,0,0,0,0,0,0,0,0,0,0,0,0,0,0,0,0,0,0,0,0,0,0,0,4jss
 3.570,1255,352,319,0,0,6,0,0,0,224,62,56,0,0,1,0,0,0,223,64,57,0,0,1,0,0,0,534,151,133,0,0,3,0,0,0,0,0,0,0,0,0,0,0,0,243,67,62,0,0,1,0,0,0,0,0,0,0,0,0,0,0,0,0,0,0,0,0,0,0,0,0,0,0,0,0,0,0,0,0,0,4q8x
 3.590,1316,366,323,0,0,6,0,0,0,227,64,55,0,0,1,0,0,0,230,63,59,0,0,2,0,0,0,0,0,0,0,0,0,0,0,0,0,0,0,0,0,0,0,0,0,246,67,61,0,0,1,0,0,0,0,0,0,0,0,0,0,0,0,0,0,0,0,0,0,0,0,0,0,0,0,0,0,0,0,0,0,4q7v
 3.900,734,196,167,0,0,2,0,0,0,478,122,106,0,0,1,0,0,0,0,0,0,0,0,0,0,0,0,0,0,0,0,0,0,0,0,0,0,0,0,0,0,0,0,0,0,0,0,0,0,0,0,0,0,0,0,0,0,0,0,0,0,0,0,0,0,0,0,0,0,0,0,0,0,0,0,0,0,0,0,0,0,1avn
 4.080,2130,563,509,0,0,12,0,0,0,859,229,207,0,0,4,0,0,0,0,0,0,0,0,0,0,0,0,0,0,0,0,0,0,0,0,0,0,0,0,0,0,0,0,0,0,0,0,0,0,0,0,0,0,0,0,0,0,0,0,0,0,0,0,0,0,0,0,0,0,0,0,0,0,0,0,0,0,0,0,0,0,3kwa
 4.190,1321,363,324,0,0,7,0,0,0,226,63,54,0,0,2,0,0,0,240,62,58,0,0,1,0,0,0,664,187,178,0,0,3,0,0,0,0,0,0,0,0,0,0,0,0,247,69,62,0,0,1,0,0,0,0,0,0,0,0,0,0,0,0,0,0,0,0,0,0,0,0,0,0,0,0,0,0,0,0,0,0,4q83
 4.320,1352,367,323,0,0,7,0,0,0,228,64,56,0,0,1,0,0,0,235,64,58,0,0,2,0,0,0,0,0,0,0,0,0,0,0,0,0,0,0,0,0,0,0,0,0,244,69,61,0,0,1,0,0,0,0,0,0,0,0,0,0,0,0,0,0,0,0,0,0,0,0,0,0,0,0,0,0,0,0,0,0,4q7p
 4.360,947,235,216,0,0,1,0,0,0,536,138,117,0,0,2,0,0,0,253,67,55,0,0,0,0,0,0,0,0,0,0,0,0,0,0,0,0,0,0,0,0,0,0,0,0,0,0,0,0,0,0,0,0,0,0,0,0,0,0,0,0,0,0,0,0,0,0,0,0,0,0,0,0,0,0,0,0,0,0,0,0,2ez7
 4.420,1322,352,318,0,0,7,0,0,0,226,63,54,0,0,2,0,0,0,236,64,58,0,0,1,0,0,0,0,0,0,0,0,0,0,0,0,0,0,0,0,0,0,0,0,0,249,68,61,0,0,1,0,0,0,0,0,0,0,0,0,0,0,0,0,0,0,0,0,0,0,0,0,0,0,0,0,0,0,0,0,0,4q7s
 4.850,1304,352,316,0,0,7,0,0,0,226,63,54,0,0,2,0,0,0,238,60,57,0,0,2,0,0,0,584,168,154,0,0,3,0,0,0,0,0,0,0,0,0,0,0,0,246,69,62,0,0,1,0,0,0,0,0,0,0,0,0,0,0,0,0,0,0,0,0,0,0,0,0,0,0,0,0,0,0,0,0,0,4q87
 4.960,1271,337,327,0,0,6,0,0,0,244,66,63,0,0,1,0,0,0,488,126,128,0,0,2,0,0,0,0,0,0,0,0,0,0,0,0,0,0,0,0,0,0,0,0,0,240,66,61,0,0,1,0,0,0,0,0,0,0,0,0,0,0,0,0,0,0,0,0,0,0,0,0,0,0,0,0,0,0,0,0,0,4jsa
 4.970,1369,378,340,0,0,7,0,0,0,0,0,0,0,0,0,0,0,0,627,168,151,0,0,3,0,0,0,0,0,0,0,0,0,0,0,0,0,0,0,0,0,0,0,0,0,0,0,0,0,0,0,0,0,0,0,0,0,0,0,0,0,0,0,0,0,0,0,0,0,0,0,0,0,0,0,0,0,0,0,0,0,4e3g
 5.050,651,178,162,0,0,3,0,0,0,697,194,170,0,0,3,0,0,0,494,131,122,0,0,2,0,0,0,0,0,0,0,0,0,0,0,0,0,0,0,0,0,0,0,0,0,239,69,64,0,0,1,0,0,0,0,0,0,0,0,0,0,0,0,0,0,0,0,0,0,0,0,0,0,0,0,0,0,0,0,0,0,3s76
 5.100,2259,611,545,0,0,14,0,0,0,177,52,43,0,0,1,0,0,0,1097,296,267,0,0,6,0,0,0,0,0,0,0,0,0,0,0,0,0,0,0,0,0,0,0,0,0,0,0,0,0,0,0,0,0,0,89,19,23,0,0,1,0,0,0,0,0,0,0,0,0,0,0,0,0,0,0,0,0,0,0,0,0,3p4v
 5.230,1523,420,383,0,0,7,0,0,0,242,68,60,0,0,1,0,0,0,726,192,178,0,0,3,0,0,0,0,0,0,0,0,0,0,0,0,0,0,0,0,0,0,0,0,0,247,67,62,0,0,1,0,0,0,0,0,0,0,0,0,0,0,0,0,0,0,0,0,0,0,0,0,0,0,0,0,0,0,0,0,0,2q38
 5.270,3025,794,681,0,0,19,0,0,0,240,69,63,0,0,1,0,0,0,1020,274,254,0,0,5,0,0,0,0,0,0,0,0,0,0,0,0,0,0,0,0,0,0,0,0,0,237,69,59,0,0,1,0,0,0,0,0,0,0,0,0,0,0,0,0,0,0,0,0,0,0,0,0,0,0,0,0,0,0,0,0,0,2x7u
 5.340,1216,328,293,0,0,8,0,0,0,241,70,63,0,0,1,0,0,0,1527,403,365,0,0,9,0,0,0,0,0,0,0,0,0,0,0,0,0,0,0,0,0,0,0,0,0,236,69,57,0,0,1,0,0,0,0,0,0,0,0,0,0,0,0,0,0,0,0,0,0,0,0,0,0,0,0,0,0,0,0,0,0,3hkq
 5.350,4123,1051,943,0,0,29,0,0,0,241,68,61,0,0,1,0,0,0,3113,813,715,0,0,20,0,0,0,0,0,0,0,0,0,0,0,0,0,0,0,0,0,0,0,0,0,240,68,58,0,0,1,0,0,0,0,0,0,0,0,0,0,0,0,0,0,0,0,0,0,0,0,0,0,0,0,0,0,0,0,0,0,3hkn
 5.390,1121,311,265,0,0,5,0,0,0,228,65,55,0,0,1,0,0,0,232,63,59,0,0,2,0,0,0,0,0,0,0,0,0,0,0,0,0,0,0,0,0,0,0,0,0,248,67,60,0,0,1,0,0,0,0,0,0,0,0,0,0,0,0,0,0,0,0,0,0,0,0,0,0,0,0,0,0,0,0,0,0,3m1k
 5.390,2140,594,508,0,0,14,0,0,0,244,69,63,0,0,1,0,0,0,2190,594,515,0,0,14,0,0,0,0,0,0,0,0,0,0,0,0,0,0,0,0,0,0,0,0,0,237,68,59,0,0,1,0,0,0,0,0,0,0,0,0,0,0,0,0,0,0,0,0,0,0,0,0,0,0,0,0,0,0,0,0,0,3hkt
 5.600,2823,785,688,0,0,17,0,0,0,591,155,139,0,0,4,0,0,0,716,180,169,0,0,4,0,0,0,0,0,0,0,0,0,0,0,0,0,0,0,0,0,0,0,0,0,247,69,60,0,0,1,0,0,0,231,65,60,0,0,1,0,0,0,0,0,0,0,0,0,0,0,0,0,0,0,0,0,0,0,0,0,3bl1
 5.670,2418,616,550,0,0,11,0,0,0,466,132,117,0,0,1,0,0,0,1488,388,342,0,0,5,0,0,0,0,0,0,0,0,0,0,0,0,0,0,0,0,0,0,0,0,0,240,69,61,0,0,1,0,0,0,0,0,0,0,0,0,0,0,0,0,0,0,0,0,0,0,0,0,0,0,0,0,0,0,0,0,0,2h15
 5.680,3452,934,843,0,0,24,0,0,0,243,69,65,0,0,1,0,0,0,833,222,212,0,0,3,0,0,0,0,0,0,0,0,0,0,0,0,0,0,0,0,0,0,0,0,0,241,68,61,0,0,1,0,0,0,0,0,0,0,0,0,0,0,0,0,0,0,0,0,0,0,0,0,0,0,0,0,0,0,0,0,0,3oil
 5.680,1544,429,393,0,0,7,0,0,0,0,0,0,0,0,0,0,0,0,0,0,0,0,0,0,0,0,0,0,0,0,0,0,0,0,0,0,0,0,0,0,0,0,0,0,0,239,68,57,0,0,1,0,0,0,0,0,0,0,0,0,0,0,0,0,0,0,0,0,0,0,0,0,0,0,0,0,0,0,0,0,0,4q9y
 5.950,1307,366,328,0,0,6,0,0,0,246,68,63,0,0,1,0,0,0,493,133,125,0,0,2,0,0,0,0,0,0,0,0,0,0,0,0,0,0,0,0,0,0,0,0,0,246,67,65,0,0,1,0,0,0,230,63,63,0,0,1,0,0,0,0,0,0,0,0,0,0,0,0,0,0,0,0,0,0,0,0,0,2weh
 6.030,2402,672,602,0,0,13,0,0,0,413,118,108,0,0,1,0,0,0,478,133,122,0,0,2,0,0,0,0,0,0,0,0,0,0,0,0,0,0,0,0,0,0,0,0,0,237,67,61,0,0,1,0,0,0,0,0,0,0,0,0,0,0,0,0,0,0,0,0,0,0,0,0,0,0,0,0,0,0,0,0,0,1okl
 6.080,1276,352,310,0,0,6,0,0,0,242,68,59,0,0,1,0,0,0,478,133,119,0,0,2,0,0,0,0,0,0,0,0,0,0,0,0,0,0,0,0,0,0,0,0,0,239,66,61,0,0,1,0,0,0,0,0,0,0,0,0,0,0,0,0,0,0,0,0,0,0,0,0,0,0,0,0,0,0,0,0,0,2wej
 6.140,2156,594,555,0,0,13,0,0,0,425,126,114,0,0,2,0,0,0,1930,526,487,0,0,12,0,0,0,0,0,0,0,0,0,0,0,0,0,0,0,0,0,0,0,0,0,414,124,110,0,0,2,0,0,0,0,0,0,0,0,0,0,0,0,0,0,0,0,0,0,0,0,0,0,0,0,0,0,0,0,0,0,4zx1
 6.140,3354,868,783,0,0,18,0,0,0,466,134,117,0,0,3,0,0,0,662,180,158,0,0,3,0,0,0,628,170,158,0,0,3,0,0,0,0,0,0,0,0,0,0,0,0,424,116,107,0,0,2,0,0,0,0,0,0,0,0,0,0,0,0,0,0,0,0,0,0,0,0,0,0,0,0,0,0,0,0,0,0,4pyx
 6.180,2265,604,525,0,0,14,0,0,0,663,183,160,0,0,4,0,0,0,643,169,157,0,0,3,0,0,0,0,0,0,0,0,0,0,0,0,0,0,0,0,0,0,0,0,0,243,69,64,0,0,1,0,0,0,0,0,0,0,0,0,0,0,0,0,0,0,0,0,0,0,0,0,0,0,0,0,0,0,0,0,0,4q6e
 6.230,3639,970,866,0,0,25,0,0,0,243,67,63,0,0,1,0,0,0,827,227,214,0,0,4,0,0,0,0,0,0,0,0,0,0,0,0,0,0,0,0,0,0,0,0,0,237,68,61,0,0,1,0,0,0,0,0,0,0,0,0,0,0,0,0,0,0,0,0,0,0,0,0,0,0,0,0,0,0,0,0,0,3okv
 6.250,0,0,0,0,0,0,0,0,0,472,135,117,0,0,2,0,0,0,714,190,175,0,0,3,0,0,0,0,0,0,0,0,0,0,0,0,0,0,0,0,0,0,0,0,0,240,69,60,0,0,1,0,0,0,0,0,0,0,0,0,0,0,0,0,0,0,0,0,0,0,0,0,0,0,0,0,0,0,0,0,0,2o4z
 6.280,1537,432,390,0,0,7,0,0,0,0,0,0,0,0,0,0,0,0,249,64,61,0,0,1,0,0,0,0,0,0,0,0,0,0,0,0,0,0,0,0,0,0,0,0,0,237,68,59,0,0,1,0,0,0,0,0,0,0,0,0,0,0,0,0,0,0,0,0,0,0,0,0,0,0,0,0,0,0,0,0,0,4q99
 6.300,3262,887,811,0,0,18,0,0,0,457,133,122,0,0,3,0,0,0,601,163,154,0,0,3,0,0,0,601,175,172,0,0,3,0,0,0,0,0,0,0,0,0,0,0,0,404,124,118,0,0,2,0,0,0,0,0,0,0,0,0,0,0,0,0,0,0,0,0,0,0,0,0,0,0,0,0,0,0,0,0,0,4q08
 6.340,2642,710,619,0,0,16,0,0,0,967,271,232,0,0,5,0,0,0,715,197,174,0,0,3,0,0,0,0,0,0,0,0,0,0,0,0,0,0,0,0,0,0,0,0,0,235,65,61,0,0,1,0,0,0,0,0,0,0,0,0,0,0,0,208,59,58,0,0,1,0,0,0,0,0,0,0,0,0,0,0,0,1xq0
 6.360,3162,831,730,0,0,20,0,0,0,244,69,63,0,0,1,0,0,0,795,219,192,0,0,4,0,0,0,0,0,0,0,0,0,0,0,0,0,0,0,0,0,0,0,0,0,238,69,58,0,0,1,0,0,0,0,0,0,0,0,0,0,0,0,0,0,0,0,0,0,0,0,0,0,0,0,0,0,0,0,0,0,3oku
 6.400,1359,373,337,0,0,7,0,0,0,682,185,168,0,0,3,0,0,0,489,132,123,0,0,2,0,0,0,0,0,0,0,0,0,0,0,0,0,0,0,0,0,0,0,0,0,237,67,64,0,0,1,0,0,0,0,0,0,0,0,0,0,0,0,0,0,0,0,0,0,0,0,0,0,0,0,0,0,0,0,0,0,3s72
 6.410,2046,545,468,0,0,12,0,0,0,422,120,110,0,0,2,0,0,0,651,178,158,0,0,3,0,0,0,205,57,57,0,0,1,0,0,0,0,0,0,0,0,0,0,0,0,379,102,92,0,0,2,0,0,0,0,0,0,0,0,0,0,0,0,0,0,0,0,0,0,0,0,0,0,0,0,0,0,0,0,0,0,3r17
 6.470,869,242,216,0,0,4,0,0,0,246,69,61,0,0,1,0,0,0,495,132,124,0,0,2,0,0,0,0,0,0,0,0,0,0,0,0,0,0,0,0,0,0,0,0,0,466,132,120,0,0,2,0,0,0,0,0,0,0,0,0,0,0,0,0,0,0,0,0,0,0,0,0,0,0,0,0,0,0,0,0,0,3s78
 6.490,2211,583,507,0,0,12,0,0,0,719,185,175,0,0,4,0,0,0,662,172,158,0,0,3,0,0,0,0,0,0,0,0,0,0,0,0,0,0,0,0,0,0,0,0,0,399,107,96,0,0,2,0,0,0,104,24,20,0,0,1,0,0,0,0,0,0,0,0,0,0,0,0,0,0,0,0,0,0,0,0,0,3mho
 6.500,1289,354,313,0,0,6,0,0,0,244,68,62,0,0,1,0,0,0,493,134,122,0,0,2,0,0,0,225,62,58,0,0,1,0,0,0,0,0,0,0,0,0,0,0,0,243,70,65,0,0,1,0,0,0,0,0,0,0,0,0,0,0,0,0,0,0,0,0,0,0,0,0,0,0,0,0,0,0,0,0,0,2weg
 6.550,775,223,209,0,0,4,0,0,0,844,238,212,0,0,4,0,0,0,685,189,182,0,0,2,0,0,0,0,0,0,0,0,0,0,0,0,0,0,0,0,0,0,0,0,0,454,129,117,0,0,2,0,0,0,0,0,0,0,0,0,0,0,0,0,0,0,0,0,0,0,0,0,0,0,0,0,0,0,0,0,0,1yda
 6.570,2529,640,578,0,0,16,0,0,0,548,140,129,0,0,3,0,0,0,671,174,162,0,0,4,0,0,0,0,0,0,0,0,0,0,0,0,0,0,0,0,0,0,0,0,0,414,112,99,0,0,3,0,0,0,229,64,62,0,0,1,0,0,0,0,0,0,0,0,0,0,0,0,0,0,0,0,0,0,0,0,0,3sax
 6.630,3283,816,719,0,0,22,0,0,0,332,87,76,0,0,2,0,0,0,958,249,217,0,0,4,0,0,0,0,0,0,0,0,0,0,0,0,0,0,0,0,0,0,0,0,0,318,84,73,0,0,2,0,0,0,0,0,0,0,0,0,0,0,0,0,0,0,0,0,0,0,0,0,0,0,0,0,0,0,0,0,0,2x7t
 6.650,2061,548,484,0,0,12,0,0,0,563,165,136,0,0,3,0,0,0,673,182,172,0,0,3,0,0,0,0,0,0,0,0,0,0,0,0,0,0,0,0,0,0,0,0,0,242,70,63,0,0,1,0,0,0,0,0,0,0,0,0,0,0,0,0,0,0,0,0,0,0,0,0,0,0,0,0,0,0,0,0,0,3mzc
 6.700,1999,545,476,0,0,11,0,0,0,809,212,187,0,0,5,0,0,0,850,218,188,0,0,5,0,0,0,0,0,0,0,0,0,0,0,0,0,0,0,0,0,0,0,0,0,243,68,63,0,0,1,0,0,0,0,0,0,0,0,0,0,0,0,0,0,0,0,0,0,0,0,0,0,0,0,0,0,0,0,0,0,3mhi
 6.730,1792,490,428,0,0,9,0,0,0,437,123,111,0,0,2,0,0,0,1859,509,454,0,0,9,0,0,0,0,0,0,0,0,0,0,0,0,0,0,0,0,0,0,0,0,0,422,121,108,0,0,2,0,0,0,0,0,0,0,0,0,0,0,0,0,0,0,0,0,0,0,0,0,0,0,0,0,0,0,0,0,0,4r5b
 6.740,3111,806,725,0,0,20,0,0,0,244,69,63,0,0,1,0,0,0,782,216,194,0,0,4,0,0,0,0,0,0,0,0,0,0,0,0,0,0,0,0,0,0,0,0,0,236,69,57,0,0,1,0,0,0,0,0,0,0,0,0,0,0,0,0,0,0,0,0,0,0,0,0,0,0,0,0,0,0,0,0,0,3oim
 6.740,2889,728,658,0,0,19,0,0,0,542,145,129,0,0,3,0,0,0,917,229,211,0,0,6,0,0,0,0,0,0,0,0,0,0,0,0,0,0,0,0,0,0,0,0,0,419,113,98,0,0,3,0,0,0,228,66,62,0,0,1,0,0,0,0,0,0,0,0,0,0,0,0,0,0,0,0,0,0,0,0,0,3m67
 6.770,1936,534,491,0,0,10,0,0,0,904,260,225,0,0,5,0,0,0,763,196,185,0,0,4,0,0,0,0,0,0,0,0,0,0,0,0,0,0,0,0,0,0,0,0,0,240,69,61,0,0,1,0,0,0,112,32,31,0,0,1,0,0,0,0,0,0,0,0,0,0,0,0,0,0,0,0,0,0,0,0,0,3m40
 6.820,2219,590,529,0,0,13,0,0,0,764,192,175,0,0,5,0,0,0,802,205,189,0,0,5,0,0,0,0,0,0,0,0,0,0,0,0,0,0,0,0,0,0,0,0,0,242,68,63,0,0,1,0,0,0,0,0,0,0,0,0,0,0,0,0,0,0,0,0,0,0,0,0,0,0,0,0,0,0,0,0,0,3m3x
 6.820,868,238,215,0,0,4,0,0,0,245,69,60,0,0,1,0,0,0,720,193,179,0,0,3,0,0,0,0,0,0,0,0,0,0,0,0,0,0,0,0,0,0,0,0,0,245,69,65,0,0,1,0,0,0,0,0,0,0,0,0,0,0,0,0,0,0,0,0,0,0,0,0,0,0,0,0,0,0,0,0,0,3s75
 6.820,2552,661,579,0,0,15,0,0,0,546,144,129,0,0,2,0,0,0,682,176,166,0,0,4,0,0,0,0,0,0,0,0,0,0,0,0,0,0,0,0,0,0,0,0,0,425,115,100,0,0,2,0,0,0,230,65,62,0,0,1,0,0,0,0,0,0,0,0,0,0,0,0,0,0,0,0,0,0,0,0,0,3s9t
 6.820,1798,573,534,0,0,14,0,0,0,0,0,0,0,0,0,0,0,0,425,132,110,0,0,2,0,0,0,0,0,0,0,0,0,0,0,0,0,0,0,0,0,0,0,0,0,125,40,34,0,0,1,0,0,0,0,0,0,0,0,0,0,0,0,0,0,0,0,0,0,0,0,0,0,0,0,0,0,0,0,0,0,4qy3
 6.920,2759,745,649,0,0,17,0,0,0,446,113,109,0,0,3,0,0,0,990,271,254,0,0,5,0,0,0,666,177,167,0,0,4,0,0,0,0,0,0,0,0,0,0,0,0,433,126,111,0,0,2,0,0,0,0,0,0,0,0,0,0,0,0,0,0,0,0,0,0,0,0,0,0,0,0,0,0,0,0,0,0,4qtl
 6.920,992,274,242,0,0,5,0,0,0,821,230,202,0,0,4,0,0,0,481,133,112,0,0,2,0,0,0,0,0,0,0,0,0,0,0,0,0,0,0,0,0,0,0,0,0,455,126,111,0,0,2,0,0,0,0,0,0,0,0,0,0,0,0,0,0,0,0,0,0,0,0,0,0,0,0,0,0,0,0,0,0,3bl0
 6.930,1294,359,314,0,0,6,0,0,0,245,69,63,0,0,1,0,0,0,492,133,125,0,0,2,0,0,0,204,57,57,0,0,1,0,0,0,0,0,0,0,0,0,0,0,0,243,69,63,0,0,1,0,0,0,0,0,0,0,0,0,0,0,0,0,0,0,0,0,0,0,0,0,0,0,0,0,0,0,0,0,0,2weo
 6.940,2713,731,667,0,0,15,0,0,0,1811,493,427,0,0,10,0,0,0,1030,283,274,0,0,3,0,0,0,0,0,0,0,0,0,0,0,0,0,0,0,0,0,0,0,0,0,469,131,118,0,0,2,0,0,0,0,0,0,0,0,0,0,0,0,0,0,0,0,0,0,0,0,0,0,0,0,0,0,0,0,0,0,4rn4
 6.970,1697,419,390,0,0,11,0,0,0,250,69,63,0,0,1,0,0,0,1974,513,467,0,0,11,0,0,0,0,0,0,0,0,0,0,0,0,0,0,0,0,0,0,0,0,0,243,69,62,0,0,1,0,0,0,0,0,0,0,0,0,0,0,0,0,0,0,0,0,0,0,0,0,0,0,0,0,0,0,0,0,0,3t84
 6.980,2843,722,655,0,0,17,0,0,0,246,65,61,0,0,1,0,0,0,2292,594,536,0,0,13,0,0,0,0,0,0,0,0,0,0,0,0,0,0,0,0,0,0,0,0,0,242,66,63,0,0,1,0,0,0,0,0,0,0,0,0,0,0,0,0,0,0,0,0,0,0,0,0,0,0,0,0,0,0,0,0,0,3t83
 7.000,1968,499,457,0,0,13,0,0,0,247,67,61,0,0,1,0,0,0,2091,551,499,0,0,12,0,0,0,0,0,0,0,0,0,0,0,0,0,0,0,0,0,0,0,0,0,238,67,62,0,0,1,0,0,0,0,0,0,0,0,0,0,0,0,0,0,0,0,0,0,0,0,0,0,0,0,0,0,0,0,0,0,3t82
 7.000,2691,749,691,0,0,13,0,0,0,953,271,245,0,0,6,0,0,0,840,225,208,0,0,4,0,0,0,0,0,0,0,0,0,0,0,0,0,0,0,0,0,0,0,0,0,240,67,61,0,0,1,0,0,0,0,0,0,0,0,0,0,0,0,0,0,0,0,0,0,0,0,0,0,0,0,0,0,0,0,0,0,3mhm
 7.000,1477,426,384,0,0,8,0,0,0,236,68,60,0,0,1,0,0,0,710,195,179,0,0,4,0,0,0,0,0,0,0,0,0,0,0,0,0,0,0,0,0,0,0,0,0,238,71,63,0,0,1,0,0,0,0,0,0,0,0,0,0,0,0,0,0,0,0,0,0,0,0,0,0,0,0,0,0,0,0,0,0,4riv
 7.020,2235,599,512,0,0,13,0,0,0,572,165,143,0,0,3,0,0,0,675,182,172,0,0,3,0,0,0,106,28,21,0,0,1,0,0,0,0,0,0,0,0,0,0,0,0,244,71,62,0,0,1,0,0,0,0,0,0,0,0,0,0,0,0,0,0,0,0,0,0,0,0,0,0,0,0,0,0,0,0,0,0,3n4b
 7.020,2068,573,518,0,0,11,0,0,0,479,133,117,0,0,2,0,0,0,788,207,192,0,0,4,0,0,0,0,0,0,0,0,0,0,0,0,0,0,0,0,0,0,0,0,0,238,70,64,0,0,1,0,0,0,0,0,0,0,0,0,0,0,0,0,0,0,0,0,0,0,0,0,0,0,0,0,0,0,0,0,0,3igp
 7.060,3047,838,697,0,0,19,0,0,0,331,91,81,0,0,2,0,0,0,616,163,147,0,0,3,0,0,0,0,0,0,0,0,0,0,0,0,0,0,0,0,0,0,0,0,0,244,70,63,0,0,1,0,0,0,0,0,0,0,0,0,0,0,0,0,0,0,0,0,0,0,0,0,0,0,0,0,0,0,0,0,0,5e2r
 7.060,2390,646,582,0,0,14,0,0,0,485,135,117,0,0,2,0,0,0,832,229,203,0,0,3,0,0,0,0,0,0,0,0,0,0,0,0,0,0,0,0,0,0,0,0,0,241,69,63,0,0,1,0,0,0,0,0,0,0,0,0,0,0,0,0,0,0,0,0,0,0,0,0,0,0,0,0,0,0,0,0,0,3po6
 7.070,1754,484,427,0,0,9,0,0,0,416,112,95,0,0,2,0,0,0,679,186,175,0,0,3,0,0,0,0,0,0,0,0,0,0,0,0,0,0,0,0,0,0,0,0,0,244,68,65,0,0,1,0,0,0,0,0,0,0,0,0,0,0,0,0,0,0,0,0,0,0,0,0,0,0,0,0,0,0,0,0,0,3ryv
 7.070,794,230,196,0,0,4,0,0,0,854,248,206,0,0,3,0,0,0,682,195,171,0,0,3,0,0,0,0,0,0,0,0,0,0,0,0,0,0,0,0,0,0,0,0,0,456,136,113,0,0,2,0,0,0,0,0,0,0,0,0,0,0,0,0,0,0,0,0,0,0,0,0,0,0,0,0,0,0,0,0,0,1ydd
 7.080,2563,692,581,0,0,15,0,0,0,873,242,204,0,0,5,0,0,0,715,197,175,0,0,3,0,0,0,0,0,0,0,0,0,0,0,0,0,0,0,0,0,0,0,0,0,236,68,60,0,0,1,0,0,0,0,0,0,0,0,0,0,0,0,0,0,0,0,0,0,0,0,0,0,0,0,0,0,0,0,0,0,1xpz
 7.110,1438,405,348,0,0,7,0,0,0,414,120,106,0,0,1,0,0,0,1038,280,259,0,0,5,0,0,0,0,0,0,0,0,0,0,0,0,0,0,0,0,0,0,0,0,0,430,125,115,0,0,2,0,0,0,0,0,0,0,0,0,0,0,0,0,0,0,0,0,0,0,0,0,0,0,0,0,0,0,0,0,0,4xe1
 7.120,1312,366,317,0,0,6,0,0,0,631,173,148,0,0,4,0,0,0,910,228,209,0,0,6,0,0,0,0,0,0,0,0,0,0,0,0,0,0,0,0,0,0,0,0,0,455,119,110,0,0,3,0,0,0,233,66,60,0,0,1,0,0,0,0,0,0,0,0,0,0,0,0,0,0,0,0,0,0,0,0,0,2pov
 7.140,1958,546,487,0,0,10,0,0,0,772,218,200,0,0,4,0,0,0,494,130,126,0,0,2,0,0,0,0,0,0,0,0,0,0,0,0,0,0,0,0,0,0,0,0,0,394,107,101,0,0,2,0,0,0,0,0,0,0,0,0,0,0,0,0,0,0,0,0,0,0,0,0,0,0,0,0,0,0,0,0,0,3ffp
 7.190,2282,620,550,0,0,10,0,0,0,418,120,105,0,0,1,0,0,0,1060,275,253,0,0,4,0,0,0,0,0,0,0,0,0,0,0,0,0,0,0,0,0,0,0,0,0,244,68,63,0,0,1,0,0,0,227,63,58,0,0,1,0,0,0,0,0,0,0,0,0,0,0,0,0,0,0,0,0,0,0,0,0,1z9y
 7.200,2610,691,610,0,0,17,0,0,0,668,182,159,0,0,4,0,0,0,1920,520,467,0,0,9,0,0,0,0,0,0,0,0,0,0,0,0,0,0,0,0,0,0,0,0,0,662,190,173,0,0,3,0,0,0,0,0,0,0,0,0,0,0,0,0,0,0,0,0,0,0,0,0,0,0,0,0,0,0,0,0,0,3k2f
 7.200,1504,418,368,0,0,7,0,0,0,674,182,163,0,0,4,0,0,0,909,231,213,0,0,6,0,0,0,546,154,135,0,0,3,0,0,0,0,0,0,0,0,0,0,0,0,450,120,110,0,0,3,0,0,0,0,0,0,0,0,0,0,0,0,0,0,0,0,0,0,0,0,0,0,0,0,0,0,0,0,0,0,2pow
 7.210,647,178,159,0,0,3,0,0,0,470,131,116,0,0,2,0,0,0,502,135,124,0,0,2,0,0,0,0,0,0,0,0,0,0,0,0,0,0,0,0,0,0,0,0,0,470,135,119,0,0,2,0,0,0,0,0,0,0,0,0,0,0,0,0,0,0,0,0,0,0,0,0,0,0,0,0,0,0,0,0,0,3s77
 7.220,430,120,110,0,0,2,0,0,0,858,239,211,0,0,3,0,0,0,488,132,122,0,0,2,0,0,0,0,0,0,0,0,0,0,0,0,0,0,0,0,0,0,0,0,0,470,131,116,0,0,2,0,0,0,0,0,0,0,0,0,0,0,0,0,0,0,0,0,0,0,0,0,0,0,0,0,0,0,0,0,0,2hnc
 7.220,2684,682,612,0,0,17,0,0,0,556,143,135,0,0,3,0,0,0,687,175,167,0,0,4,0,0,0,0,0,0,0,0,0,0,0,0,0,0,0,0,0,0,0,0,0,426,117,103,0,0,2,0,0,0,231,65,62,0,0,1,0,0,0,133,31,30,0,0,1,0,0,0,0,0,0,0,0,0,0,0,0,3m96
 7.230,3003,807,730,0,0,17,0,0,0,428,122,112,0,0,2,0,0,0,965,256,226,0,0,6,0,0,0,642,169,148,0,0,3,0,0,0,0,0,0,0,0,0,0,0,0,395,107,96,0,0,2,0,0,0,0,0,0,0,0,0,0,0,0,0,0,0,0,0,0,0,0,0,0,0,0,0,0,0,0,0,0,4pyy
 7.230,2380,663,578,0,0,6,0,0,0,0,0,0,0,0,0,0,0,0,713,207,180,0,0,1,0,0,0,0,0,0,0,0,0,0,0,0,0,0,0,0,0,0,0,0,0,0,0,0,0,0,0,0,0,0,0,0,0,0,0,0,0,0,0,0,0,0,0,0,0,0,0,0,0,0,0,0,0,0,0,0,0,3f8e
 7.250,2185,602,555,0,0,12,0,0,0,864,246,216,0,0,5,0,0,0,964,266,237,0,0,5,0,0,0,0,0,0,0,0,0,0,0,0,0,0,0,0,0,0,0,0,0,247,70,64,0,0,1,0,0,0,0,0,0,0,0,0,0,0,0,0,0,0,0,0,0,0,0,0,0,0,0,0,0,0,0,0,0,3mhl
 7.270,2348,624,552,0,0,15,0,0,0,410,115,98,0,0,2,0,0,0,634,171,162,0,0,3,0,0,0,0,0,0,0,0,0,0,0,0,0,0,0,0,0,0,0,0,0,242,69,63,0,0,1,0,0,0,0,0,0,0,0,0,0,0,0,0,0,0,0,0,0,0,0,0,0,0,0,0,0,0,0,0,0,4itp
 7.280,1828,509,449,0,0,11,0,0,0,417,114,105,0,0,2,0,0,0,843,235,220,0,0,4,0,0,0,0,0,0,0,0,0,0,0,0,0,0,0,0,0,0,0,0,0,628,183,169,0,0,3,0,0,0,0,0,0,0,0,0,0,0,0,0,0,0,0,0,0,0,0,0,0,0,0,0,0,0,0,0,0,4m2w
 7.280,2309,613,537,0,0,14,0,0,0,492,130,116,0,0,3,0,0,0,670,183,167,0,0,3,0,0,0,0,0,0,0,0,0,0,0,0,0,0,0,0,0,0,0,0,0,383,107,96,0,0,2,0,0,0,0,0,0,0,0,0,0,0,0,0,0,0,0,0,0,0,0,0,0,0,0,0,0,0,0,0,0,3sbh
 7.290,1432,399,353,0,0,7,0,0,0,853,237,208,0,0,4,0,0,0,694,186,175,0,0,3,0,0,0,0,0,0,0,0,0,0,0,0,0,0,0,0,0,0,0,0,0,612,173,151,0,0,3,0,0,0,0,0,0,0,0,0,0,0,0,0,0,0,0,0,0,0,0,0,0,0,0,0,0,0,0,0,0,4iwz
 7.300,1255,340,302,0,0,6,0,0,0,410,120,102,0,0,1,0,0,0,483,129,123,0,0,1,0,0,0,0,0,0,0,0,0,0,0,0,0,0,0,0,0,0,0,0,0,241,67,61,0,0,1,0,0,0,382,106,89,0,0,2,0,0,0,0,0,0,0,0,0,0,0,0,0,0,0,0,0,0,0,0,0,1zge
 7.300,3958,1036,942,0,0,25,0,0,0,434,121,105,0,0,2,0,0,0,1159,310,279,0,0,7,0,0,0,668,176,157,0,0,4,0,0,0,0,0,0,0,0,0,0,0,0,428,113,100,0,0,2,0,0,0,0,0,0,0,0,0,0,0,0,0,0,0,0,0,0,0,0,0,0,0,0,0,0,0,0,0,0,4qiy
 7.300,2184,580,508,0,0,13,0,0,0,570,166,145,0,0,3,0,0,0,673,183,171,0,0,3,0,0,0,598,152,120,0,0,5,0,0,0,0,0,0,0,0,0,0,0,0,241,69,63,0,0,1,0,0,0,0,0,0,0,0,0,0,0,0,0,0,0,0,0,0,0,0,0,0,0,0,0,0,0,0,0,0,3n0n
 7.300,2687,767,706,0,0,13,0,0,0,805,234,215,0,0,4,0,0,0,1472,405,378,0,0,7,0,0,0,0,0,0,0,0,0,0,0,0,0,0,0,0,0,0,0,0,0,235,70,64,0,0,1,0,0,0,0,0,0,0,0,0,0,0,0,0,0,0,0,0,0,0,0,0,0,0,0,0,0,0,0,0,0,4riu
 7.300,2072,558,496,0,0,12,0,0,0,422,121,106,0,0,2,0,0,0,668,184,172,0,0,3,0,0,0,0,0,0,0,0,0,0,0,0,0,0,0,0,0,0,0,0,0,378,102,92,0,0,2,0,0,0,0,0,0,0,0,0,0,0,0,0,0,0,0,0,0,0,0,0,0,0,0,0,0,0,0,0,0,3r16
 7.300,2256,604,538,0,0,13,0,0,0,503,131,122,0,0,3,0,0,0,786,210,197,0,0,4,0,0,0,0,0,0,0,0,0,0,0,0,0,0,0,0,0,0,0,0,0,401,112,95,0,0,2,0,0,0,0,0,0,0,0,0,0,0,0,0,0,0,0,0,0,0,0,0,0,0,0,0,0,0,0,0,0,3s8x
 7.350,2364,627,568,0,0,14,0,0,0,242,70,64,0,0,1,0,0,0,1064,294,260,0,0,5,0,0,0,0,0,0,0,0,0,0,0,0,0,0,0,0,0,0,0,0,0,237,68,59,0,0,1,0,0,0,0,0,0,0,0,0,0,0,0,0,0,0,0,0,0,0,0,0,0,0,0,0,0,0,0,0,0,1ttm
 7.360,2055,548,489,0,0,12,0,0,0,751,209,179,0,0,4,0,0,0,498,135,125,0,0,2,0,0,0,0,0,0,0,0,0,0,0,0,0,0,0,0,0,0,0,0,0,246,70,64,0,0,1,0,0,0,0,0,0,0,0,0,0,0,0,0,0,0,0,0,0,0,0,0,0,0,0,0,0,0,0,0,0,4q6d
 7.370,2166,578,517,0,0,13,0,0,0,470,130,114,0,0,2,0,0,0,905,242,223,0,0,5,0,0,0,0,0,0,0,0,0,0,0,0,0,0,0,0,0,0,0,0,0,245,68,60,0,0,1,0,0,0,0,0,0,0,0,0,0,0,0,0,0,0,0,0,0,0,0,0,0,0,0,0,0,0,0,0,0,1cnx
 7.370,2286,634,562,0,0,13,0,0,0,662,187,172,0,0,4,0,0,0,671,180,159,0,0,3,0,0,0,0,0,0,0,0,0,0,0,0,0,0,0,0,0,0,0,0,0,345,93,86,0,0,2,0,0,0,117,33,33,0,0,1,0,0,0,0,0,0,0,0,0,0,0,0,0,0,0,0,0,0,0,0,0,3m5e
 7.390,2046,574,493,0,0,11,0,0,0,1014,291,256,0,0,6,0,0,0,685,183,160,0,0,2,0,0,0,0,0,0,0,0,0,0,0,0,0,0,0,0,0,0,0,0,0,240,71,63,0,0,1,0,0,0,178,51,38,0,0,1,0,0,0,0,0,0,0,0,0,0,0,0,0,0,0,0,0,0,0,0,0,3mna
 7.390,2351,633,550,0,0,13,0,0,0,411,106,97,0,0,3,0,0,0,0,0,0,0,0,0,0,0,0,0,0,0,0,0,0,0,0,0,0,0,0,0,0,0,0,0,0,486,135,118,0,0,2,0,0,0,0,0,0,0,0,0,0,0,0,0,0,0,0,0,0,0,0,0,0,0,0,0,0,0,0,0,0,3p5l
 7.420,1896,512,454,0,0,10,0,0,0,416,114,96,0,0,2,0,0,0,676,186,174,0,0,3,0,0,0,0,0,0,0,0,0,0,0,0,0,0,0,0,0,0,0,0,0,245,69,64,0,0,1,0,0,0,0,0,0,0,0,0,0,0,0,0,0,0,0,0,0,0,0,0,0,0,0,0,0,0,0,0,0,3ryy
 7.420,1317,367,313,0,0,6,0,0,0,449,118,102,0,0,3,0,0,0,908,229,213,0,0,6,0,0,0,0,0,0,0,0,0,0,0,0,0,0,0,0,0,0,0,0,0,454,119,107,0,0,3,0,0,0,427,123,111,0,0,2,0,0,0,0,0,0,0,0,0,0,0,0,0,0,0,0,0,0,0,0,0,2pou
 7.430,1977,565,475,0,0,10,0,0,0,1015,292,257,0,0,6,0,0,0,597,155,138,0,0,2,0,0,0,0,0,0,0,0,0,0,0,0,0,0,0,0,0,0,0,0,0,241,69,63,0,0,1,0,0,0,171,50,41,0,0,1,0,0,0,0,0,0,0,0,0,0,0,0,0,0,0,0,0,0,0,0,0,3mmf
 7.440,2030,558,500,0,0,13,0,0,0,589,161,148,0,0,4,0,0,0,965,269,249,0,0,5,0,0,0,0,0,0,0,0,0,0,0,0,0,0,0,0,0,0,0,0,0,622,181,170,0,0,3,0,0,0,0,0,0,0,0,0,0,0,0,0,0,0,0,0,0,0,0,0,0,0,0,0,0,0,0,0,0,4m2v
 7.510,2044,539,462,0,0,12,0,0,0,686,187,161,0,0,4,0,0,0,495,135,125,0,0,2,0,0,0,0,0,0,0,0,0,0,0,0,0,0,0,0,0,0,0,0,0,244,70,63,0,0,1,0,0,0,0,0,0,0,0,0,0,0,0,0,0,0,0,0,0,0,0,0,0,0,0,0,0,0,0,0,0,5byi
 7.520,3005,757,690,0,0,20,0,0,0,628,170,143,0,0,3,0,0,0,711,183,170,0,0,4,0,0,0,0,0,0,0,0,0,0,0,0,0,0,0,0,0,0,0,0,0,419,113,103,0,0,2,0,0,0,231,65,62,0,0,1,0,0,0,0,0,0,0,0,0,0,0,0,0,0,0,0,0,0,0,0,0,3myq
 7.520,1358,376,322,0,0,7,0,0,0,466,129,114,0,0,1,0,0,0,644,171,159,0,0,2,0,0,0,0,0,0,0,0,0,0,0,0,0,0,0,0,0,0,0,0,0,467,132,116,0,0,1,0,0,0,0,0,0,0,0,0,0,0,0,0,0,0,0,0,0,0,0,0,0,0,0,0,0,0,0,0,0,1zfq
 7.550,1861,486,429,0,0,8,0,0,0,937,254,224,0,0,4,0,0,0,1311,344,312,0,0,6,0,0,0,0,0,0,0,0,0,0,0,0,0,0,0,0,0,0,0,0,0,657,184,163,0,0,3,0,0,0,0,0,0,0,0,0,0,0,0,0,0,0,0,0,0,0,0,0,0,0,0,0,0,0,0,0,0,3ni5
 7.550,2024,534,481,0,0,11,0,0,0,413,113,99,0,0,2,0,0,0,676,187,173,0,0,3,0,0,0,0,0,0,0,0,0,0,0,0,0,0,0,0,0,0,0,0,0,243,68,64,0,0,1,0,0,0,0,0,0,0,0,0,0,0,0,0,0,0,0,0,0,0,0,0,0,0,0,0,0,0,0,0,0,3rz0
 7.590,1288,357,327,0,0,6,0,0,0,247,69,59,0,0,0,0,0,0,741,197,185,0,0,3,0,0,0,0,0,0,0,0,0,0,0,0,0,0,0,0,0,0,0,0,0,247,69,63,0,0,1,0,0,0,0,0,0,0,0,0,0,0,0,0,0,0,0,0,0,0,0,0,0,0,0,0,0,0,0,0,0,3t5u
 7.590,2447,643,568,0,0,16,0,0,0,482,120,116,0,0,3,0,0,0,673,184,169,0,0,3,0,0,0,0,0,0,0,0,0,0,0,0,0,0,0,0,0,0,0,0,0,383,104,95,0,0,2,0,0,0,0,0,0,0,0,0,0,0,0,0,0,0,0,0,0,0,0,0,0,0,0,0,0,0,0,0,0,3sap
 7.600,1948,497,437,0,0,13,0,0,0,228,62,55,0,0,1,0,0,0,0,0,0,0,0,0,0,0,0,0,0,0,0,0,0,0,0,0,0,0,0,0,0,0,0,0,0,493,135,119,0,0,2,0,0,0,0,0,0,0,0,0,0,0,0,0,0,0,0,0,0,0,0,0,0,0,0,0,0,0,0,0,0,3p58
 7.610,1636,426,384,0,0,10,0,0,0,315,82,81,0,0,0,0,0,0,984,249,252,0,0,6,0,0,0,0,0,0,0,0,0,0,0,0,0,0,0,0,0,0,0,0,0,323,83,79,0,0,2,0,0,0,0,0,0,0,0,0,0,0,0,0,0,0,0,0,0,0,0,0,0,0,0,0,0,0,0,0,0,3ibn
 7.640,2211,627,540,0,0,11,0,0,0,420,121,106,0,0,1,0,0,0,1214,325,300,0,0,5,0,0,0,0,0,0,0,0,0,0,0,0,0,0,0,0,0,0,0,0,0,246,68,64,0,0,1,0,0,0,0,0,0,0,0,0,0,0,0,0,0,0,0,0,0,0,0,0,0,0,0,0,0,0,0,0,0,2hl4
 7.640,1607,445,388,0,0,8,0,0,0,245,69,62,0,0,1,0,0,0,677,182,171,0,0,3,0,0,0,0,0,0,0,0,0,0,0,0,0,0,0,0,0,0,0,0,0,242,70,62,0,0,1,0,0,0,0,0,0,0,0,0,0,0,0,0,0,0,0,0,0,0,0,0,0,0,0,0,0,0,0,0,0,4ruz
 7.720,2278,612,546,0,0,15,0,0,0,520,144,127,0,0,3,0,0,0,982,254,244,0,0,6,0,0,0,0,0,0,0,0,0,0,0,0,0,0,0,0,0,0,0,0,0,241,67,60,0,0,1,0,0,0,0,0,0,0,0,0,0,0,0,0,0,0,0,0,0,0,0,0,0,0,0,0,0,0,0,0,0,1cnw
 7.740,2356,621,574,0,0,16,0,0,0,381,108,91,0,0,2,0,0,0,692,177,168,0,0,4,0,0,0,0,0,0,0,0,0,0,0,0,0,0,0,0,0,0,0,0,0,242,66,62,0,0,1,0,0,0,93,24,27,0,0,1,0,0,0,0,0,0,0,0,0,0,0,0,0,0,0,0,0,0,0,0,0,3nb5
 7.780,2623,737,650,0,0,14,0,0,0,551,162,143,0,0,3,0,0,0,661,176,163,0,0,3,0,0,0,0,0,0,0,0,0,0,0,0,0,0,0,0,0,0,0,0,0,380,107,99,0,0,2,0,0,0,233,63,61,0,0,1,0,0,0,0,0,0,0,0,0,0,0,0,0,0,0,0,0,0,0,0,0,4kni
 7.800,1744,484,434,0,0,9,0,0,0,419,109,97,0,0,2,0,0,0,666,192,171,0,0,3,0,0,0,395,94,91,0,0,3,0,0,0,0,0,0,0,0,0,0,0,0,244,68,64,0,0,1,0,0,0,0,0,0,0,0,0,0,0,0,0,0,0,0,0,0,0,0,0,0,0,0,0,0,0,0,0,0,3ryj
 7.820,2272,642,585,0,0,11,0,0,0,743,204,186,0,0,3,0,0,0,994,259,256,0,0,3,0,0,0,0,0,0,0,0,0,0,0,0,0,0,0,0,0,0,0,0,0,244,69,65,0,0,1,0,0,0,0,0,0,0,0,0,0,0,0,0,0,0,0,0,0,0,0,0,0,0,0,0,0,0,0,0,0,3n2p
 7.840,1392,369,331,0,0,8,0,0,0,322,85,79,0,0,1,0,0,0,1039,270,252,0,0,6,0,0,0,0,0,0,0,0,0,0,0,0,0,0,0,0,0,0,0,0,0,337,92,83,0,0,2,0,0,0,0,0,0,0,0,0,0,0,0,0,0,0,0,0,0,0,0,0,0,0,0,0,0,0,0,0,0,3ibl
 7.850,2462,640,577,0,0,16,0,0,0,251,69,64,0,0,1,0,0,0,1043,274,241,0,0,5,0,0,0,0,0,0,0,0,0,0,0,0,0,0,0,0,0,0,0,0,0,406,112,102,0,0,2,0,0,0,0,0,0,0,0,0,0,0,0,0,0,0,0,0,0,0,0,0,0,0,0,0,0,0,0,0,0,3dd8
 7.850,2325,606,556,0,0,14,0,0,0,504,137,118,0,0,3,0,0,0,962,250,236,0,0,6,0,0,0,0,0,0,0,0,0,0,0,0,0,0,0,0,0,0,0,0,0,241,71,59,0,0,1,0,0,0,0,0,0,0,0,0,0,0,0,0,0,0,0,0,0,0,0,0,0,0,0,0,0,0,0,0,0,1cny
 7.890,1773,498,427,0,0,9,0,0,0,245,69,63,0,0,1,0,0,0,684,183,174,0,0,3,0,0,0,0,0,0,0,0,0,0,0,0,0,0,0,0,0,0,0,0,0,243,72,64,0,0,1,0,0,0,0,0,0,0,0,0,0,0,0,0,0,0,0,0,0,0,0,0,0,0,0,0,0,0,0,0,0,4ruy
 7.890,2093,562,502,0,0,12,0,0,0,414,114,95,0,0,2,0,0,0,670,182,173,0,0,3,0,0,0,0,0,0,0,0,0,0,0,0,0,0,0,0,0,0,0,0,0,243,68,64,0,0,1,0,0,0,0,0,0,0,0,0,0,0,0,0,0,0,0,0,0,0,0,0,0,0,0,0,0,0,0,0,0,3rz5
 7.920,2342,586,548,0,0,16,0,0,0,641,172,154,0,0,4,0,0,0,560,145,138,0,0,3,0,0,0,0,0,0,0,0,0,0,0,0,0,0,0,0,0,0,0,0,0,398,109,103,0,0,2,0,0,0,197,55,54,0,0,1,0,0,0,0,0,0,0,0,0,0,0,0,0,0,0,0,0,0,0,0,0,3eft
 7.920,2090,546,492,0,0,12,0,0,0,491,126,115,0,0,3,0,0,0,664,181,166,0,0,3,0,0,0,0,0,0,0,0,0,0,0,0,0,0,0,0,0,0,0,0,0,371,99,89,0,0,2,0,0,0,0,0,0,0,0,0,0,0,0,0,0,0,0,0,0,0,0,0,0,0,0,0,0,0,0,0,0,3sbi
 7.920,1767,488,422,0,0,9,0,0,0,245,69,63,0,0,1,0,0,0,682,182,175,0,0,3,0,0,0,0,0,0,0,0,0,0,0,0,0,0,0,0,0,0,0,0,0,243,72,64,0,0,1,0,0,0,0,0,0,0,0,0,0,0,0,0,0,0,0,0,0,0,0,0,0,0,0,0,0,0,0,0,0,4rux
 7.920,2205,573,504,0,0,14,0,0,0,564,161,142,0,0,2,0,0,0,880,230,206,0,0,3,0,0,0,0,0,0,0,0,0,0,0,0,0,0,0,0,0,0,0,0,0,365,98,89,0,0,2,0,0,0,0,0,0,0,0,0,0,0,0,0,0,0,0,0,0,0,0,0,0,0,0,0,0,0,0,0,0,1zfk
 7.930,1000,285,251,0,0,5,0,0,0,848,235,207,0,0,4,0,0,0,663,180,169,0,0,3,0,0,0,0,0,0,0,0,0,0,0,0,0,0,0,0,0,0,0,0,0,459,126,112,0,0,2,0,0,0,0,0,0,0,0,0,0,0,0,0,0,0,0,0,0,0,0,0,0,0,0,0,0,0,0,0,0,3daz
 7.950,2162,583,523,0,0,12,0,0,0,512,129,118,0,0,3,0,0,0,683,186,170,0,0,3,0,0,0,0,0,0,0,0,0,0,0,0,0,0,0,0,0,0,0,0,0,388,109,97,0,0,2,0,0,0,231,63,61,0,0,1,0,0,0,0,0,0,0,0,0,0,0,0,0,0,0,0,0,0,0,0,0,4knj
 7.950,1946,498,448,0,0,13,0,0,0,248,70,61,0,0,1,0,0,0,2092,551,498,0,0,12,0,0,0,0,0,0,0,0,0,0,0,0,0,0,0,0,0,0,0,0,0,239,68,62,0,0,1,0,0,0,0,0,0,0,0,0,0,0,0,0,0,0,0,0,0,0,0,0,0,0,0,0,0,0,0,0,0,3t85
 7.960,2093,608,535,0,0,11,0,0,0,859,240,210,0,0,4,0,0,0,701,191,176,0,0,3,0,0,0,0,0,0,0,0,0,0,0,0,0,0,0,0,0,0,0,0,0,468,132,117,0,0,2,0,0,0,0,0,0,0,0,0,0,0,0,0,0,0,0,0,0,0,0,0,0,0,0,0,0,0,0,0,0,3mhc
 7.960,1777,521,471,0,0,11,0,0,0,420,125,114,0,0,2,0,0,0,1707,463,444,0,0,10,0,0,0,0,0,0,0,0,0,0,0,0,0,0,0,0,0,0,0,0,0,406,118,108,0,0,2,0,0,0,0,0,0,0,0,0,0,0,0,0,0,0,0,0,0,0,0,0,0,0,0,0,0,0,0,0,0,4r59
 7.990,2216,584,517,0,0,13,0,0,0,422,121,105,0,0,2,0,0,0,676,188,171,0,0,3,0,0,0,0,0,0,0,0,0,0,0,0,0,0,0,0,0,0,0,0,0,242,70,62,0,0,1,0,0,0,0,0,0,0,0,0,0,0,0,0,0,0,0,0,0,0,0,0,0,0,0,0,0,0,0,0,0,3oyq
 8.000,810,231,206,0,0,4,0,0,0,866,243,215,0,0,4,0,0,0,705,189,179,0,0,3,0,0,0,0,0,0,0,0,0,0,0,0,0,0,0,0,0,0,0,0,0,469,133,118,0,0,2,0,0,0,0,0,0,0,0,0,0,0,0,0,0,0,0,0,0,0,0,0,0,0,0,0,0,0,0,0,0,3hs4
 8.000,2504,684,605,0,0,15,0,0,0,424,120,107,0,0,2,0,0,0,673,187,173,0,0,3,0,0,0,0,0,0,0,0,0,0,0,0,0,0,0,0,0,0,0,0,0,242,69,63,0,0,1,0,0,0,0,0,0,0,0,0,0,0,0,0,0,0,0,0,0,0,0,0,0,0,0,0,0,0,0,0,0,3oy0
 8.000,2538,651,576,0,0,15,0,0,0,423,121,108,0,0,2,0,0,0,2383,627,541,0,0,13,0,0,0,0,0,0,0,0,0,0,0,0,0,0,0,0,0,0,0,0,0,411,116,102,0,0,2,0,0,0,0,0,0,0,0,0,0,0,0,0,0,0,0,0,0,0,0,0,0,0,0,0,0,0,0,0,0,4zx0
 8.000,2027,535,475,0,0,12,0,0,0,525,137,121,0,0,3,0,0,0,503,132,125,0,0,2,0,0,0,866,234,212,0,0,4,0,0,0,0,0,0,0,0,0,0,0,0,421,114,106,0,0,2,0,0,0,0,0,0,0,0,0,0,0,0,0,0,0,0,0,0,0,0,0,0,0,0,0,0,0,0,0,0,4ht0
 8.000,1189,314,284,0,0,8,0,0,0,1029,278,246,0,0,6,0,0,0,845,216,195,0,0,6,0,0,0,0,0,0,0,0,0,0,0,0,0,0,0,0,0,0,0,0,0,241,70,58,0,0,1,0,0,0,0,0,0,0,0,0,0,0,0,0,0,0,0,0,0,0,0,0,0,0,0,0,0,0,0,0,0,4mo8
 8.040,1866,502,444,0,0,11,0,0,0,423,112,105,0,0,3,0,0,0,861,238,218,0,0,4,0,0,0,0,0,0,0,0,0,0,0,0,0,0,0,0,0,0,0,0,0,641,185,166,0,0,3,0,0,0,0,0,0,0,0,0,0,0,0,0,0,0,0,0,0,0,0,0,0,0,0,0,0,0,0,0,0,4m2u
 8.050,1876,517,443,0,0,10,0,0,0,363,98,85,0,0,2,0,0,0,678,187,167,0,0,3,0,0,0,0,0,0,0,0,0,0,0,0,0,0,0,0,0,0,0,0,0,240,69,63,0,0,1,0,0,0,0,0,0,0,0,0,0,0,0,0,0,0,0,0,0,0,0,0,0,0,0,0,0,0,0,0,0,4rfd
 8.050,2670,691,641,0,0,18,0,0,0,421,122,103,0,0,2,0,0,0,981,260,241,0,0,6,0,0,0,0,0,0,0,0,0,0,0,0,0,0,0,0,0,0,0,0,0,244,68,62,0,0,1,0,0,0,0,0,0,0,0,0,0,0,0,0,0,0,0,0,0,0,0,0,0,0,0,0,0,0,0,0,0,3ml2
 8.060,1336,355,321,0,0,8,0,0,0,842,237,216,0,0,4,0,0,0,852,243,222,0,0,4,0,0,0,0,0,0,0,0,0,0,0,0,0,0,0,0,0,0,0,0,0,642,185,164,0,0,3,0,0,0,0,0,0,0,0,0,0,0,0,0,0,0,0,0,0,0,0,0,0,0,0,0,0,0,0,0,0,3dbu
 8.070,2780,793,690,0,0,15,0,0,0,412,113,97,0,0,1,0,0,0,630,171,162,0,0,2,0,0,0,0,0,0,0,0,0,0,0,0,0,0,0,0,0,0,0,0,0,244,69,59,0,0,1,0,0,0,0,0,0,0,0,0,0,0,0,0,0,0,0,0,0,0,0,0,0,0,0,0,0,0,0,0,0,3vbd
 8.110,2666,716,641,0,0,16,0,0,0,418,118,104,0,0,2,0,0,0,684,185,171,0,0,3,0,0,0,0,0,0,0,0,0,0,0,0,0,0,0,0,0,0,0,0,0,241,69,63,0,0,1,0,0,0,0,0,0,0,0,0,0,0,0,0,0,0,0,0,0,0,0,0,0,0,0,0,0,0,0,0,0,4z1j
 8.140,3131,796,712,0,0,17,0,0,0,790,215,183,0,0,4,0,0,0,633,173,159,0,0,3,0,0,0,0,0,0,0,0,0,0,0,0,0,0,0,0,0,0,0,0,0,245,69,63,0,0,1,0,0,0,0,0,0,0,0,0,0,0,0,0,0,0,0,0,0,0,0,0,0,0,0,0,0,0,0,0,0,3b4f
 8.140,1888,510,461,0,0,10,0,0,0,416,115,97,0,0,2,0,0,0,674,191,173,0,0,3,0,0,0,635,153,132,0,0,5,0,0,0,0,0,0,0,0,0,0,0,0,244,69,64,0,0,1,0,0,0,0,0,0,0,0,0,0,0,0,0,0,0,0,0,0,0,0,0,0,0,0,0,0,0,0,0,0,3ryx
 8.150,1900,529,463,0,0,9,0,0,0,424,121,107,0,0,1,0,0,0,859,227,206,0,0,3,0,0,0,0,0,0,0,0,0,0,0,0,0,0,0,0,0,0,0,0,0,409,114,104,0,0,2,0,0,0,0,0,0,0,0,0,0,0,0,0,0,0,0,0,0,0,0,0,0,0,0,0,0,0,0,0,0,2q1q
 8.150,1335,352,315,0,0,8,0,0,0,843,238,214,0,0,4,0,0,0,851,240,219,0,0,4,0,0,0,0,0,0,0,0,0,0,0,0,0,0,0,0,0,0,0,0,0,636,183,161,0,0,3,0,0,0,0,0,0,0,0,0,0,0,0,0,0,0,0,0,0,0,0,0,0,0,0,0,0,0,0,0,0,3d8w
 8.170,3998,1046,921,0,0,25,0,0,0,437,125,114,0,0,2,0,0,0,805,220,197,0,0,4,0,0,0,656,171,158,0,0,3,0,0,0,0,0,0,0,0,0,0,0,0,415,112,98,0,0,2,0,0,0,0,0,0,0,0,0,0,0,0,0,0,0,0,0,0,0,0,0,0,0,0,0,0,0,0,0,0,4qjm
 8.170,2651,684,601,0,0,16,0,0,0,410,112,94,0,0,2,0,0,0,671,185,169,0,0,3,0,0,0,0,0,0,0,0,0,0,0,0,0,0,0,0,0,0,0,0,0,242,68,64,0,0,1,0,0,0,0,0,0,0,0,0,0,0,0,0,0,0,0,0,0,0,0,0,0,0,0,0,0,0,0,0,0,4z0q
 8.170,2215,592,530,0,0,13,0,0,0,413,113,98,0,0,2,0,0,0,675,185,172,0,0,3,0,0,0,0,0,0,0,0,0,0,0,0,0,0,0,0,0,0,0,0,0,245,70,64,0,0,1,0,0,0,0,0,0,0,0,0,0,0,0,0,0,0,0,0,0,0,0,0,0,0,0,0,0,0,0,0,0,3rz8
 8.170,2919,833,803,0,0,20,0,0,0,430,126,114,0,0,2,0,0,0,968,273,259,0,0,5,0,0,0,657,178,169,0,0,5,0,0,0,0,0,0,0,0,0,0,0,0,402,112,111,0,0,3,0,0,0,0,0,0,0,0,0,0,0,0,0,0,0,0,0,0,0,0,0,0,0,0,0,0,0,0,0,0,4q09
 8.220,2182,566,505,0,0,15,0,0,0,425,121,109,0,0,2,0,0,0,1228,332,310,0,0,7,0,0,0,0,0,0,0,0,0,0,0,0,0,0,0,0,0,0,0,0,0,434,128,115,0,0,2,0,0,0,0,0,0,0,0,0,0,0,0,0,0,0,0,0,0,0,0,0,0,0,0,0,0,0,0,0,0,5amg
 8.240,786,226,200,0,0,4,0,0,0,856,235,205,0,0,3,0,0,0,705,188,180,0,0,3,0,0,0,0,0,0,0,0,0,0,0,0,0,0,0,0,0,0,0,0,0,462,128,112,0,0,2,0,0,0,0,0,0,0,0,0,0,0,0,0,0,0,0,0,0,0,0,0,0,0,0,0,0,0,0,0,0,1ydb
 8.240,2221,575,508,0,0,14,0,0,0,353,93,83,0,0,2,0,0,0,830,222,206,0,0,5,0,0,0,0,0,0,0,0,0,0,0,0,0,0,0,0,0,0,0,0,0,240,69,62,0,0,1,0,0,0,0,0,0,0,0,0,0,0,0,0,0,0,0,0,0,0,0,0,0,0,0,0,0,0,0,0,0,4rfc
 8.240,2701,736,640,0,0,16,0,0,0,405,112,101,0,0,2,0,0,0,753,205,186,0,0,3,0,0,0,0,0,0,0,0,0,0,0,0,0,0,0,0,0,0,0,0,0,241,69,63,0,0,1,0,0,0,0,0,0,0,0,0,0,0,0,0,0,0,0,0,0,0,0,0,0,0,0,0,0,0,0,0,0,4z1e
 8.250,2227,603,531,0,0,14,0,0,0,394,111,101,0,0,1,0,0,0,630,180,167,0,0,2,0,0,0,0,0,0,0,0,0,0,0,0,0,0,0,0,0,0,0,0,0,232,66,61,0,0,0,0,0,0,0,0,0,0,0,0,0,0,0,0,0,0,0,0,0,0,0,0,0,0,0,0,0,0,0,0,0,1g4o
 8.300,2468,625,560,0,0,14,0,0,0,250,69,61,0,0,1,0,0,0,1734,451,397,0,0,9,0,0,0,0,0,0,0,0,0,0,0,0,0,0,0,0,0,0,0,0,0,241,67,63,0,0,1,0,0,0,0,0,0,0,0,0,0,0,0,0,0,0,0,0,0,0,0,0,0,0,0,0,0,0,0,0,0,3hku
 8.310,789,223,204,0,0,4,0,0,0,860,238,215,0,0,4,0,0,0,686,184,174,0,0,3,0,0,0,0,0,0,0,0,0,0,0,0,0,0,0,0,0,0,0,0,0,466,125,117,0,0,2,0,0,0,0,0,0,0,0,0,0,0,0,0,0,0,0,0,0,0,0,0,0,0,0,0,0,0,0,0,0,3dc3
 8.330,2658,715,636,0,0,16,0,0,0,415,117,104,0,0,2,0,0,0,856,226,209,0,0,5,0,0,0,0,0,0,0,0,0,0,0,0,0,0,0,0,0,0,0,0,0,242,70,65,0,0,1,0,0,0,0,0,0,0,0,0,0,0,0,0,0,0,0,0,0,0,0,0,0,0,0,0,0,0,0,0,0,4z1k
 8.350,2003,559,513,0,0,13,0,0,0,901,254,228,0,0,5,0,0,0,489,131,123,0,0,2,0,0,0,0,0,0,0,0,0,0,0,0,0,0,0,0,0,0,0,0,0,465,131,117,0,0,2,0,0,0,0,0,0,0,0,0,0,0,0,0,0,0,0,0,0,0,0,0,0,0,0,0,0,0,0,0,0,4bf6
 8.410,2257,617,527,0,0,14,0,0,0,400,110,100,0,0,2,0,0,0,644,185,173,0,0,3,0,0,0,305,72,68,0,0,3,0,0,0,0,0,0,0,0,0,0,0,0,236,66,60,0,0,1,0,0,0,0,0,0,0,0,0,0,0,0,0,0,0,0,0,0,0,0,0,0,0,0,0,0,0,0,0,0,1i9q
 8.410,2269,605,554,0,0,14,0,0,0,397,112,103,0,0,2,0,0,0,649,187,175,0,0,3,0,0,0,245,66,59,0,0,2,0,0,0,0,0,0,0,0,0,0,0,0,237,66,61,0,0,1,0,0,0,0,0,0,0,0,0,0,0,0,0,0,0,0,0,0,0,0,0,0,0,0,0,0,0,0,0,0,1g48
 8.410,2315,641,583,0,0,11,0,0,0,397,114,104,0,0,0,0,0,0,641,188,172,0,0,1,0,0,0,368,98,98,0,0,2,0,0,0,0,0,0,0,0,0,0,0,0,229,66,61,0,0,0,0,0,0,0,0,0,0,0,0,0,0,0,0,0,0,0,0,0,0,0,0,0,0,0,0,0,0,0,0,0,1i9p
 8.420,2253,610,548,0,0,6,0,0,0,396,106,98,0,0,0,0,0,0,639,181,167,0,0,1,0,0,0,397,105,96,0,0,3,0,0,0,0,0,0,0,0,0,0,0,0,226,65,59,0,0,0,0,0,0,0,0,0,0,0,0,0,0,0,0,0,0,0,0,0,0,0,0,0,0,0,0,0,0,0,0,0,1i9o
 8.480,2355,638,566,0,0,14,0,0,0,413,114,105,0,0,3,0,0,0,666,188,175,0,0,3,0,0,0,266,72,60,0,0,2,0,0,0,0,0,0,0,0,0,0,0,0,241,68,62,0,0,1,0,0,0,0,0,0,0,0,0,0,0,0,0,0,0,0,0,0,0,0,0,0,0,0,0,0,0,0,0,0,1i9m
 8.480,2489,659,582,0,0,16,0,0,0,566,155,138,0,0,3,0,0,0,664,181,173,0,0,3,0,0,0,0,0,0,0,0,0,0,0,0,0,0,0,0,0,0,0,0,0,240,68,63,0,0,1,0,0,0,0,0,0,0,0,0,0,0,0,0,0,0,0,0,0,0,0,0,0,0,0,0,0,0,0,0,0,3n3j
 8.480,2201,590,510,0,0,14,0,0,0,386,109,91,0,0,1,0,0,0,627,184,163,0,0,2,0,0,0,100,22,21,0,0,1,0,0,0,0,0,0,0,0,0,0,0,0,227,65,59,0,0,1,0,0,0,0,0,0,0,0,0,0,0,0,0,0,0,0,0,0,0,0,0,0,0,0,0,0,0,0,0,0,1i9l
 8.490,2102,546,490,0,0,13,0,0,0,605,161,152,0,0,4,0,0,0,989,264,248,0,0,5,0,0,0,0,0,0,0,0,0,0,0,0,0,0,0,0,0,0,0,0,0,645,188,171,0,0,3,0,0,0,0,0,0,0,0,0,0,0,0,0,0,0,0,0,0,0,0,0,0,0,0,0,0,0,0,0,0,4m2r
 8.550,2550,660,586,0,0,18,0,0,0,428,122,110,0,0,2,0,0,0,1231,335,312,0,0,7,0,0,0,0,0,0,0,0,0,0,0,0,0,0,0,0,0,0,0,0,0,436,127,115,0,0,2,0,0,0,0,0,0,0,0,0,0,0,0,0,0,0,0,0,0,0,0,0,0,0,0,0,0,0,0,0,0,5amd
 8.570,2524,673,580,0,0,17,0,0,0,411,116,98,0,0,1,0,0,0,825,222,208,0,0,5,0,0,0,0,0,0,0,0,0,0,0,0,0,0,0,0,0,0,0,0,0,245,69,62,0,0,1,0,0,0,0,0,0,0,0,0,0,0,0,0,0,0,0,0,0,0,0,0,0,0,0,0,0,0,0,0,0,3v7x
 8.590,1408,375,332,0,0,8,0,0,0,245,69,64,0,0,0,0,0,0,731,195,181,0,0,3,0,0,0,0,0,0,0,0,0,0,0,0,0,0,0,0,0,0,0,0,0,242,69,60,0,0,1,0,0,0,0,0,0,0,0,0,0,0,0,0,0,0,0,0,0,0,0,0,0,0,0,0,0,0,0,0,0,3ibi
 8.620,2343,613,527,0,0,16,0,0,0,740,202,173,0,0,4,0,0,0,493,134,124,0,0,2,0,0,0,0,0,0,0,0,0,0,0,0,0,0,0,0,0,0,0,0,0,463,128,116,0,0,2,0,0,0,0,0,0,0,0,0,0,0,0,0,0,0,0,0,0,0,0,0,0,0,0,0,0,0,0,0,0,4bf1
 8.620,1967,537,479,0,0,11,0,0,0,414,114,97,0,0,2,0,0,0,676,188,174,0,0,3,0,0,0,810,194,172,0,0,7,0,0,0,0,0,0,0,0,0,0,0,0,245,69,64,0,0,1,0,0,0,0,0,0,0,0,0,0,0,0,0,0,0,0,0,0,0,0,0,0,0,0,0,0,0,0,0,0,3ryz
 8.640,2289,622,550,0,0,14,0,0,0,399,116,103,0,0,2,0,0,0,652,187,171,0,0,3,0,0,0,99,28,17,0,0,1,0,0,0,0,0,0,0,0,0,0,0,0,236,66,61,0,0,1,0,0,0,0,0,0,0,0,0,0,0,0,0,0,0,0,0,0,0,0,0,0,0,0,0,0,0,0,0,0,1g45
 8.640,1636,458,395,0,0,8,0,0,0,246,69,60,0,0,1,0,0,0,728,199,177,0,0,3,0,0,0,0,0,0,0,0,0,0,0,0,0,0,0,0,0,0,0,0,0,244,70,65,0,0,1,0,0,0,0,0,0,0,0,0,0,0,0,0,0,0,0,0,0,0,0,0,0,0,0,0,0,0,0,0,0,3s71
 8.660,2262,610,545,0,0,14,0,0,0,392,107,100,0,0,1,0,0,0,637,180,169,0,0,2,0,0,0,240,62,50,0,0,1,0,0,0,0,0,0,0,0,0,0,0,0,233,65,60,0,0,1,0,0,0,0,0,0,0,0,0,0,0,0,0,0,0,0,0,0,0,0,0,0,0,0,0,0,0,0,0,0,1i9n
 8.700,1829,482,431,0,0,13,0,0,0,454,118,111,0,0,3,0,0,0,1937,514,456,0,0,12,0,0,0,0,0,0,0,0,0,0,0,0,0,0,0,0,0,0,0,0,0,434,116,105,0,0,3,0,0,0,0,0,0,0,0,0,0,0,0,0,0,0,0,0,0,0,0,0,0,0,0,0,0,0,0,0,0,4r5a
 8.700,1416,398,344,0,0,8,0,0,0,670,183,165,0,0,3,0,0,0,488,130,124,0,0,2,0,0,0,0,0,0,0,0,0,0,0,0,0,0,0,0,0,0,0,0,0,456,129,113,0,0,2,0,0,0,196,55,51,0,0,1,0,0,0,0,0,0,0,0,0,0,0,0,0,0,0,0,0,0,0,0,0,3d9z
 8.700,1376,378,326,0,0,7,0,0,0,466,130,116,0,0,2,0,0,0,494,132,125,0,0,2,0,0,0,0,0,0,0,0,0,0,0,0,0,0,0,0,0,0,0,0,0,466,131,117,0,0,2,0,0,0,0,0,0,0,0,0,0,0,0,0,0,0,0,0,0,0,0,0,0,0,0,0,0,0,0,0,0,3s73
 8.700,2167,600,545,0,0,13,0,0,0,409,113,106,0,0,2,0,0,0,1771,477,420,0,0,10,0,0,0,0,0,0,0,0,0,0,0,0,0,0,0,0,0,0,0,0,0,379,104,98,0,0,2,0,0,0,0,0,0,0,0,0,0,0,0,0,0,0,0,0,0,0,0,0,0,0,0,0,0,0,0,0,0,4zwx
 8.700,2078,574,522,0,0,13,0,0,0,434,127,116,0,0,2,0,0,0,2172,591,554,0,0,14,0,0,0,0,0,0,0,0,0,0,0,0,0,0,0,0,0,0,0,0,0,420,126,116,0,0,2,0,0,0,0,0,0,0,0,0,0,0,0,0,0,0,0,0,0,0,0,0,0,0,0,0,0,0,0,0,0,4zwz
 8.700,244,67,63,0,0,1,0,0,0,240,68,63,0,0,1,0,0,0,461,129,113,0,0,2,0,0,0,717,201,177,0,0,3,0,0,0,0,0,0,0,0,0,0,0,0,233,69,57,0,0,1,0,0,0,0,0,0,0,0,0,0,0,0,0,0,0,0,0,0,0,0,0,0,0,0,0,0,0,0,0,0,1bcd
 8.700,772,210,203,0,0,4,0,0,0,833,233,209,0,0,4,0,0,0,675,179,173,0,0,3,0,0,0,0,0,0,0,0,0,0,0,0,0,0,0,0,0,0,0,0,0,458,126,116,0,0,2,0,0,0,0,0,0,0,0,0,0,0,0,0,0,0,0,0,0,0,0,0,0,0,0,0,0,0,0,0,0,2h4n
 8.700,2222,611,526,0,0,14,0,0,0,401,115,100,0,0,2,0,0,0,646,186,171,0,0,3,0,0,0,531,130,107,0,0,5,0,0,0,0,0,0,0,0,0,0,0,0,239,66,61,0,0,1,0,0,0,0,0,0,0,0,0,0,0,0,0,0,0,0,0,0,0,0,0,0,0,0,0,0,0,0,0,0,1g4j
 8.740,2069,561,492,0,0,12,0,0,0,416,114,97,0,0,2,0,0,0,675,186,174,0,0,3,0,0,0,988,237,208,0,0,9,0,0,0,0,0,0,0,0,0,0,0,0,247,69,65,0,0,1,0,0,0,0,0,0,0,0,0,0,0,0,0,0,0,0,0,0,0,0,0,0,0,0,0,0,0,0,0,0,3rz1
 8.770,2315,614,542,0,0,14,0,0,0,591,164,145,0,0,2,0,0,0,992,266,250,0,0,5,0,0,0,0,0,0,0,0,0,0,0,0,0,0,0,0,0,0,0,0,0,641,187,162,0,0,3,0,0,0,0,0,0,0,0,0,0,0,0,0,0,0,0,0,0,0,0,0,0,0,0,0,0,0,0,0,0,1bnv
 8.800,2321,628,556,0,0,14,0,0,0,407,116,105,0,0,2,0,0,0,651,187,173,0,0,3,0,0,0,187,45,35,0,0,2,0,0,0,0,0,0,0,0,0,0,0,0,236,67,63,0,0,1,0,0,0,0,0,0,0,0,0,0,0,0,0,0,0,0,0,0,0,0,0,0,0,0,0,0,0,0,0,0,1g46
 8.820,2305,611,547,0,0,13,0,0,0,405,112,97,0,0,1,0,0,0,671,186,173,0,0,3,0,0,0,542,129,121,0,0,3,0,0,0,0,0,0,0,0,0,0,0,0,240,67,61,0,0,1,0,0,0,0,0,0,0,0,0,0,0,0,0,0,0,0,0,0,0,0,0,0,0,0,0,0,0,0,0,0,1g54
 8.960,1435,398,347,0,0,8,0,0,0,674,185,166,0,0,3,0,0,0,492,134,125,0,0,2,0,0,0,0,0,0,0,0,0,0,0,0,0,0,0,0,0,0,0,0,0,459,127,114,0,0,2,0,0,0,198,55,51,0,0,1,0,0,0,0,0,0,0,0,0,0,0,0,0,0,0,0,0,0,0,0,0,3dcc
 8.960,2155,576,515,0,0,13,0,0,0,416,115,101,0,0,2,0,0,0,668,186,174,0,0,3,0,0,0,1151,266,243,0,0,11,0,0,0,0,0,0,0,0,0,0,0,0,245,68,65,0,0,1,0,0,0,0,0,0,0,0,0,0,0,0,0,0,0,0,0,0,0,0,0,0,0,0,0,0,0,0,0,0,3rz7
 9.000,1625,449,386,0,0,9,0,0,0,462,129,114,0,0,2,0,0,0,651,177,159,0,0,3,0,0,0,0,0,0,0,0,0,0,0,0,0,0,0,0,0,0,0,0,0,460,128,114,0,0,2,0,0,0,0,0,0,0,0,0,0,0,0,0,0,0,0,0,0,0,0,0,0,0,0,0,0,0,0,0,0,3dd0
 9.040,2312,618,539,0,0,14,0,0,0,401,115,102,0,0,1,0,0,0,661,188,172,0,0,3,0,0,0,258,67,56,0,0,1,0,0,0,0,0,0,0,0,0,0,0,0,240,66,61,0,0,1,0,0,0,0,0,0,0,0,0,0,0,0,0,0,0,0,0,0,0,0,0,0,0,0,0,0,0,0,0,0,1g53
 9.080,1495,391,353,0,0,9,0,0,0,410,117,105,0,0,1,0,0,0,858,236,216,0,0,4,0,0,0,0,0,0,0,0,0,0,0,0,0,0,0,0,0,0,0,0,0,773,218,187,0,0,4,0,0,0,0,0,0,0,0,0,0,0,0,0,0,0,0,0,0,0,0,0,0,0,0,0,0,0,0,0,0,1bnw
 9.150,1631,419,386,0,0,10,0,0,0,245,70,61,0,0,0,0,0,0,723,196,180,0,0,3,0,0,0,0,0,0,0,0,0,0,0,0,0,0,0,0,0,0,0,0,0,241,69,62,0,0,1,0,0,0,0,0,0,0,0,0,0,0,0,0,0,0,0,0,0,0,0,0,0,0,0,0,0,0,0,0,0,3ibu
 9.150,2074,536,481,0,0,14,0,0,0,426,118,106,0,0,2,0,0,0,1215,327,309,0,0,7,0,0,0,0,0,0,0,0,0,0,0,0,0,0,0,0,0,0,0,0,0,434,125,115,0,0,2,0,0,0,0,0,0,0,0,0,0,0,0,0,0,0,0,0,0,0,0,0,0,0,0,0,0,0,0,0,0,5aml
 9.310,1845,472,423,0,0,12,0,0,0,410,119,106,0,0,1,0,0,0,970,260,246,0,0,5,0,0,0,0,0,0,0,0,0,0,0,0,0,0,0,0,0,0,0,0,0,647,182,160,0,0,3,0,0,0,0,0,0,0,0,0,0,0,0,0,0,0,0,0,0,0,0,0,0,0,0,0,0,0,0,0,0,1bn4
 9.340,1862,477,425,0,0,12,0,0,0,412,119,105,0,0,1,0,0,0,865,238,224,0,0,4,0,0,0,0,0,0,0,0,0,0,0,0,0,0,0,0,0,0,0,0,0,649,183,159,0,0,3,0,0,0,0,0,0,0,0,0,0,0,0,0,0,0,0,0,0,0,0,0,0,0,0,0,0,0,0,0,0,1bn1
 9.440,2335,620,537,0,0,14,0,0,0,408,114,103,0,0,1,0,0,0,661,185,171,0,0,3,0,0,0,95,25,14,0,0,1,0,0,0,0,0,0,0,0,0,0,0,0,238,66,61,0,0,1,0,0,0,0,0,0,0,0,0,0,0,0,0,0,0,0,0,0,0,0,0,0,0,0,0,0,0,0,0,0,1g1d
 9.490,1970,516,462,0,0,11,0,0,0,599,163,145,0,0,4,0,0,0,986,269,250,0,0,5,0,0,0,0,0,0,0,0,0,0,0,0,0,0,0,0,0,0,0,0,0,636,184,164,0,0,3,0,0,0,0,0,0,0,0,0,0,0,0,0,0,0,0,0,0,0,0,0,0,0,0,0,0,0,0,0,0,1bnq
 9.520,1310,336,309,0,0,8,0,0,0,992,265,237,0,0,4,0,0,0,848,229,214,0,0,4,0,0,0,154,40,36,0,0,1,0,0,0,0,0,0,0,0,0,0,0,0,643,185,160,0,0,3,0,0,0,103,21,21,0,0,1,0,0,0,0,0,0,0,0,0,0,0,0,0,0,0,0,0,0,0,0,0,2hoc
 9.540,2342,628,551,0,0,14,0,0,0,411,114,104,0,0,1,0,0,0,664,188,174,0,0,3,0,0,0,194,44,36,0,0,1,0,0,0,0,0,0,0,0,0,0,0,0,242,67,61,0,0,1,0,0,0,0,0,0,0,0,0,0,0,0,0,0,0,0,0,0,0,0,0,0,0,0,0,0,0,0,0,0,1g52
 9.640,2634,678,576,0,0,19,0,0,0,494,133,114,0,0,2,0,0,0,648,181,168,0,0,3,0,0,0,0,0,0,0,0,0,0,0,0,0,0,0,0,0,0,0,0,0,230,65,58,0,0,1,0,0,0,0,0,0,0,0,0,0,0,0,0,0,0,0,0,0,0,0,0,0,0,0,0,0,0,0,0,0,1if8
 9.700,1881,492,442,0,0,11,0,0,0,410,120,105,0,0,2,0,0,0,1047,292,269,0,0,6,0,0,0,0,0,0,0,0,0,0,0,0,0,0,0,0,0,0,0,0,0,787,217,193,0,0,4,0,0,0,0,0,0,0,0,0,0,0,0,0,0,0,0,0,0,0,0,0,0,0,0,0,0,0,0,0,0,1bnu
 9.800,2100,555,497,0,0,13,0,0,0,411,118,104,0,0,1,0,0,0,1141,308,289,0,0,6,0,0,0,0,0,0,0,0,0,0,0,0,0,0,0,0,0,0,0,0,0,639,184,161,0,0,3,0,0,0,0,0,0,0,0,0,0,0,0,0,0,0,0,0,0,0,0,0,0,0,0,0,0,0,0,0,0,1bnt
 9.890,2137,561,495,0,0,13,0,0,0,415,116,104,0,0,1,0,0,0,987,269,250,0,0,5,0,0,0,0,0,0,0,0,0,0,0,0,0,0,0,0,0,0,0,0,0,643,187,160,0,0,3,0,0,0,0,0,0,0,0,0,0,0,0,0,0,0,0,0,0,0,0,0,0,0,0,0,0,0,0,0,0,1bn3
10.000,2138,551,500,0,0,13,0,0,0,417,117,105,0,0,1,0,0,0,1001,272,251,0,0,5,0,0,0,0,0,0,0,0,0,0,0,0,0,0,0,0,0,0,0,0,0,649,185,162,0,0,3,0,0,0,0,0,0,0,0,0,0,0,0,0,0,0,0,0,0,0,0,0,0,0,0,0,0,0,0,0,0,1bnn
10.210,1799,495,441,0,0,9,0,0,0,249,69,62,0,0,1,0,0,0,496,131,122,0,0,2,0,0,0,870,234,217,0,0,6,0,0,0,0,0,0,0,0,0,0,0,0,427,127,110,0,0,2,0,0,0,0,0,0,0,0,0,0,0,0,0,0,0,0,0,0,0,0,0,0,0,0,0,0,0,0,0,0,4ww6
10.520,2672,694,623,0,0,19,0,0,0,508,136,122,0,0,2,0,0,0,660,189,170,0,0,2,0,0,0,0,0,0,0,0,0,0,0,0,0,0,0,0,0,0,0,0,0,234,67,59,0,0,1,0,0,0,0,0,0,0,0,0,0,0,0,0,0,0,0,0,0,0,0,0,0,0,0,0,0,0,0,0,0,1if7
